updated_at,id,start_date,end_date,election_type,result_type,special,office,district,name_raw,last_name,first_name,suffix,middle_name,party,parent_jurisdiction,jurisdiction,division,votes,votes_type,total_votes,winner,write_in,year
2015-11-07 22:30:54.862000,mo-2013-06-04-special-general,2013-06-04 00:00:00,2013-06-04 00:00:00,general,certified,True,U.S. House,8,Steve Hodges,,,,,,,Bollinger,ocd-division/country:us/state:mo/county:bollinger,229,,,,,2013
2015-11-07 22:30:54.862000,mo-2013-06-04-special-general,2013-06-04 00:00:00,2013-06-04 00:00:00,general,certified,True,U.S. House,8,Jason Smith,,,,,,,Bollinger,ocd-division/country:us/state:mo/county:bollinger,979,,,,,2013
2015-11-07 22:30:54.862000,mo-2013-06-04-special-general,2013-06-04 00:00:00,2013-06-04 00:00:00,general,certified,True,U.S. House,8,Bill Slantz,,,,,,,Bollinger,ocd-division/country:us/state:mo/county:bollinger,28,,,,,2013
2015-11-07 22:30:54.862000,mo-2013-06-04-special-general,2013-06-04 00:00:00,2013-06-04 00:00:00,general,certified,True,U.S. House,8,Doug Enyart,,,,,,,Bollinger,ocd-division/country:us/state:mo/county:bollinger,58,,,,,2013
2015-11-07 22:30:54.862000,mo-2013-06-04-special-general,2013-06-04 00:00:00,2013-06-04 00:00:00,general,certified,True,U.S. House,8,Robert W. George,,,,,,,Bollinger,ocd-division/country:us/state:mo/county:bollinger,0,,,,,2013
2015-11-07 22:30:54.862000,mo-2013-06-04-special-general,2013-06-04 00:00:00,2013-06-04 00:00:00,general,certified,True,U.S. House,8,Thomas Brown,,,,,,,Bollinger,ocd-division/country:us/state:mo/county:bollinger,18,,,,,2013
2015-11-07 22:30:54.862000,mo-2013-06-04-special-general,2013-06-04 00:00:00,2013-06-04 00:00:00,general,certified,True,U.S. House,8,Wayne L. Byington,,,,,,,Bollinger,ocd-division/country:us/state:mo/county:bollinger,0,,,,,2013
2015-11-07 22:30:54.862000,mo-2013-06-04-special-general,2013-06-04 00:00:00,2013-06-04 00:00:00,general,certified,True,U.S. House,8,Theo  Ted  Brown  Sr.,,,,,,,Bollinger,ocd-division/country:us/state:mo/county:bollinger,0,,,,,2013
2015-11-07 22:30:54.862000,mo-2013-06-04-special-general,2013-06-04 00:00:00,2013-06-04 00:00:00,general,certified,True,U.S. House,8,Steve Hodges,,,,,,,Butler,ocd-division/country:us/state:mo/county:butler,668,,,,,2013
2015-11-07 22:30:54.862000,mo-2013-06-04-special-general,2013-06-04 00:00:00,2013-06-04 00:00:00,general,certified,True,U.S. House,8,Jason Smith,,,,,,,Butler,ocd-division/country:us/state:mo/county:butler,2572,,,,,2013
2015-11-07 22:30:54.862000,mo-2013-06-04-special-general,2013-06-04 00:00:00,2013-06-04 00:00:00,general,certified,True,U.S. House,8,Bill Slantz,,,,,,,Butler,ocd-division/country:us/state:mo/county:butler,61,,,,,2013
2015-11-07 22:30:54.862000,mo-2013-06-04-special-general,2013-06-04 00:00:00,2013-06-04 00:00:00,general,certified,True,U.S. House,8,Doug Enyart,,,,,,,Butler,ocd-division/country:us/state:mo/county:butler,111,,,,,2013
2015-11-07 22:30:54.862000,mo-2013-06-04-special-general,2013-06-04 00:00:00,2013-06-04 00:00:00,general,certified,True,U.S. House,8,Robert W. George,,,,,,,Butler,ocd-division/country:us/state:mo/county:butler,3,,,,,2013
2015-11-07 22:30:54.862000,mo-2013-06-04-special-general,2013-06-04 00:00:00,2013-06-04 00:00:00,general,certified,True,U.S. House,8,Thomas Brown,,,,,,,Butler,ocd-division/country:us/state:mo/county:butler,0,,,,,2013
2015-11-07 22:30:54.862000,mo-2013-06-04-special-general,2013-06-04 00:00:00,2013-06-04 00:00:00,general,certified,True,U.S. House,8,Wayne L. Byington,,,,,,,Butler,ocd-division/country:us/state:mo/county:butler,0,,,,,2013
2015-11-07 22:30:54.862000,mo-2013-06-04-special-general,2013-06-04 00:00:00,2013-06-04 00:00:00,general,certified,True,U.S. House,8,Theo  Ted  Brown  Sr.,,,,,,,Butler,ocd-division/country:us/state:mo/county:butler,0,,,,,2013
2015-11-07 22:30:54.862000,mo-2013-06-04-special-general,2013-06-04 00:00:00,2013-06-04 00:00:00,general,certified,True,U.S. House,8,Steve Hodges,,,,,,,Cape Girardeau,ocd-division/country:us/state:mo/county:cape_girardeau,2019,,,,,2013
2015-11-07 22:30:54.862000,mo-2013-06-04-special-general,2013-06-04 00:00:00,2013-06-04 00:00:00,general,certified,True,U.S. House,8,Jason Smith,,,,,,,Cape Girardeau,ocd-division/country:us/state:mo/county:cape_girardeau,6005,,,,,2013
2015-11-07 22:30:54.862000,mo-2013-06-04-special-general,2013-06-04 00:00:00,2013-06-04 00:00:00,general,certified,True,U.S. House,8,Bill Slantz,,,,,,,Cape Girardeau,ocd-division/country:us/state:mo/county:cape_girardeau,194,,,,,2013
2015-11-07 22:30:54.862000,mo-2013-06-04-special-general,2013-06-04 00:00:00,2013-06-04 00:00:00,general,certified,True,U.S. House,8,Doug Enyart,,,,,,,Cape Girardeau,ocd-division/country:us/state:mo/county:cape_girardeau,294,,,,,2013
2015-11-07 22:30:54.862000,mo-2013-06-04-special-general,2013-06-04 00:00:00,2013-06-04 00:00:00,general,certified,True,U.S. House,8,Robert W. George,,,,,,,Cape Girardeau,ocd-division/country:us/state:mo/county:cape_girardeau,48,,,,,2013
2015-11-07 22:30:54.862000,mo-2013-06-04-special-general,2013-06-04 00:00:00,2013-06-04 00:00:00,general,certified,True,U.S. House,8,Thomas Brown,,,,,,,Cape Girardeau,ocd-division/country:us/state:mo/county:cape_girardeau,6,,,,,2013
2015-11-07 22:30:54.862000,mo-2013-06-04-special-general,2013-06-04 00:00:00,2013-06-04 00:00:00,general,certified,True,U.S. House,8,Wayne L. Byington,,,,,,,Cape Girardeau,ocd-division/country:us/state:mo/county:cape_girardeau,0,,,,,2013
2015-11-07 22:30:54.862000,mo-2013-06-04-special-general,2013-06-04 00:00:00,2013-06-04 00:00:00,general,certified,True,U.S. House,8,Theo  Ted  Brown  Sr.,,,,,,,Cape Girardeau,ocd-division/country:us/state:mo/county:cape_girardeau,0,,,,,2013
2015-11-07 22:30:54.862000,mo-2013-06-04-special-general,2013-06-04 00:00:00,2013-06-04 00:00:00,general,certified,True,U.S. House,8,Steve Hodges,,,,,,,Carter,ocd-division/country:us/state:mo/county:carter,147,,,,,2013
2015-11-07 22:30:54.862000,mo-2013-06-04-special-general,2013-06-04 00:00:00,2013-06-04 00:00:00,general,certified,True,U.S. House,8,Jason Smith,,,,,,,Carter,ocd-division/country:us/state:mo/county:carter,390,,,,,2013
2015-11-07 22:30:54.862000,mo-2013-06-04-special-general,2013-06-04 00:00:00,2013-06-04 00:00:00,general,certified,True,U.S. House,8,Bill Slantz,,,,,,,Carter,ocd-division/country:us/state:mo/county:carter,6,,,,,2013
2015-11-07 22:30:54.862000,mo-2013-06-04-special-general,2013-06-04 00:00:00,2013-06-04 00:00:00,general,certified,True,U.S. House,8,Doug Enyart,,,,,,,Carter,ocd-division/country:us/state:mo/county:carter,43,,,,,2013
2015-11-07 22:30:54.862000,mo-2013-06-04-special-general,2013-06-04 00:00:00,2013-06-04 00:00:00,general,certified,True,U.S. House,8,Robert W. George,,,,,,,Carter,ocd-division/country:us/state:mo/county:carter,0,,,,,2013
2015-11-07 22:30:54.862000,mo-2013-06-04-special-general,2013-06-04 00:00:00,2013-06-04 00:00:00,general,certified,True,U.S. House,8,Thomas Brown,,,,,,,Carter,ocd-division/country:us/state:mo/county:carter,0,,,,,2013
2015-11-07 22:30:54.862000,mo-2013-06-04-special-general,2013-06-04 00:00:00,2013-06-04 00:00:00,general,certified,True,U.S. House,8,Wayne L. Byington,,,,,,,Carter,ocd-division/country:us/state:mo/county:carter,0,,,,,2013
2015-11-07 22:30:54.862000,mo-2013-06-04-special-general,2013-06-04 00:00:00,2013-06-04 00:00:00,general,certified,True,U.S. House,8,Theo  Ted  Brown  Sr.,,,,,,,Carter,ocd-division/country:us/state:mo/county:carter,0,,,,,2013
2015-11-07 22:30:54.862000,mo-2013-06-04-special-general,2013-06-04 00:00:00,2013-06-04 00:00:00,general,certified,True,U.S. House,8,Steve Hodges,,,,,,,Crawford,ocd-division/country:us/state:mo/county:crawford,244,,,,,2013
2015-11-07 22:30:54.862000,mo-2013-06-04-special-general,2013-06-04 00:00:00,2013-06-04 00:00:00,general,certified,True,U.S. House,8,Jason Smith,,,,,,,Crawford,ocd-division/country:us/state:mo/county:crawford,1276,,,,,2013
2015-11-07 22:30:54.862000,mo-2013-06-04-special-general,2013-06-04 00:00:00,2013-06-04 00:00:00,general,certified,True,U.S. House,8,Bill Slantz,,,,,,,Crawford,ocd-division/country:us/state:mo/county:crawford,8,,,,,2013
2015-11-07 22:30:54.862000,mo-2013-06-04-special-general,2013-06-04 00:00:00,2013-06-04 00:00:00,general,certified,True,U.S. House,8,Doug Enyart,,,,,,,Crawford,ocd-division/country:us/state:mo/county:crawford,8,,,,,2013
2015-11-07 22:30:54.862000,mo-2013-06-04-special-general,2013-06-04 00:00:00,2013-06-04 00:00:00,general,certified,True,U.S. House,8,Robert W. George,,,,,,,Crawford,ocd-division/country:us/state:mo/county:crawford,0,,,,,2013
2015-11-07 22:30:54.862000,mo-2013-06-04-special-general,2013-06-04 00:00:00,2013-06-04 00:00:00,general,certified,True,U.S. House,8,Thomas Brown,,,,,,,Crawford,ocd-division/country:us/state:mo/county:crawford,2,,,,,2013
2015-11-07 22:30:54.862000,mo-2013-06-04-special-general,2013-06-04 00:00:00,2013-06-04 00:00:00,general,certified,True,U.S. House,8,Wayne L. Byington,,,,,,,Crawford,ocd-division/country:us/state:mo/county:crawford,1,,,,,2013
2015-11-07 22:30:54.862000,mo-2013-06-04-special-general,2013-06-04 00:00:00,2013-06-04 00:00:00,general,certified,True,U.S. House,8,Theo  Ted  Brown  Sr.,,,,,,,Crawford,ocd-division/country:us/state:mo/county:crawford,0,,,,,2013
2015-11-07 22:30:54.862000,mo-2013-06-04-special-general,2013-06-04 00:00:00,2013-06-04 00:00:00,general,certified,True,U.S. House,8,Steve Hodges,,,,,,,Dent,ocd-division/country:us/state:mo/county:dent,351,,,,,2013
2015-11-07 22:30:54.862000,mo-2013-06-04-special-general,2013-06-04 00:00:00,2013-06-04 00:00:00,general,certified,True,U.S. House,8,Jason Smith,,,,,,,Dent,ocd-division/country:us/state:mo/county:dent,2385,,,,,2013
2015-11-07 22:30:54.862000,mo-2013-06-04-special-general,2013-06-04 00:00:00,2013-06-04 00:00:00,general,certified,True,U.S. House,8,Bill Slantz,,,,,,,Dent,ocd-division/country:us/state:mo/county:dent,16,,,,,2013
2015-11-07 22:30:54.862000,mo-2013-06-04-special-general,2013-06-04 00:00:00,2013-06-04 00:00:00,general,certified,True,U.S. House,8,Doug Enyart,,,,,,,Dent,ocd-division/country:us/state:mo/county:dent,17,,,,,2013
2015-11-07 22:30:54.862000,mo-2013-06-04-special-general,2013-06-04 00:00:00,2013-06-04 00:00:00,general,certified,True,U.S. House,8,Robert W. George,,,,,,,Dent,ocd-division/country:us/state:mo/county:dent,0,,,,,2013
2015-11-07 22:30:54.862000,mo-2013-06-04-special-general,2013-06-04 00:00:00,2013-06-04 00:00:00,general,certified,True,U.S. House,8,Thomas Brown,,,,,,,Dent,ocd-division/country:us/state:mo/county:dent,0,,,,,2013
2015-11-07 22:30:54.862000,mo-2013-06-04-special-general,2013-06-04 00:00:00,2013-06-04 00:00:00,general,certified,True,U.S. House,8,Wayne L. Byington,,,,,,,Dent,ocd-division/country:us/state:mo/county:dent,0,,,,,2013
2015-11-07 22:30:54.862000,mo-2013-06-04-special-general,2013-06-04 00:00:00,2013-06-04 00:00:00,general,certified,True,U.S. House,8,Theo  Ted  Brown  Sr.,,,,,,,Dent,ocd-division/country:us/state:mo/county:dent,0,,,,,2013
2015-11-07 22:30:54.862000,mo-2013-06-04-special-general,2013-06-04 00:00:00,2013-06-04 00:00:00,general,certified,True,U.S. House,8,Steve Hodges,,,,,,,Douglas,ocd-division/country:us/state:mo/county:douglas,245,,,,,2013
2015-11-07 22:30:54.862000,mo-2013-06-04-special-general,2013-06-04 00:00:00,2013-06-04 00:00:00,general,certified,True,U.S. House,8,Jason Smith,,,,,,,Douglas,ocd-division/country:us/state:mo/county:douglas,1011,,,,,2013
2015-11-07 22:30:54.862000,mo-2013-06-04-special-general,2013-06-04 00:00:00,2013-06-04 00:00:00,general,certified,True,U.S. House,8,Bill Slantz,,,,,,,Douglas,ocd-division/country:us/state:mo/county:douglas,22,,,,,2013
2015-11-07 22:30:54.862000,mo-2013-06-04-special-general,2013-06-04 00:00:00,2013-06-04 00:00:00,general,certified,True,U.S. House,8,Doug Enyart,,,,,,,Douglas,ocd-division/country:us/state:mo/county:douglas,66,,,,,2013
2015-11-07 22:30:54.862000,mo-2013-06-04-special-general,2013-06-04 00:00:00,2013-06-04 00:00:00,general,certified,True,U.S. House,8,Robert W. George,,,,,,,Douglas,ocd-division/country:us/state:mo/county:douglas,0,,,,,2013
2015-11-07 22:30:54.862000,mo-2013-06-04-special-general,2013-06-04 00:00:00,2013-06-04 00:00:00,general,certified,True,U.S. House,8,Thomas Brown,,,,,,,Douglas,ocd-division/country:us/state:mo/county:douglas,0,,,,,2013
2015-11-07 22:30:54.862000,mo-2013-06-04-special-general,2013-06-04 00:00:00,2013-06-04 00:00:00,general,certified,True,U.S. House,8,Wayne L. Byington,,,,,,,Douglas,ocd-division/country:us/state:mo/county:douglas,0,,,,,2013
2015-11-07 22:30:54.862000,mo-2013-06-04-special-general,2013-06-04 00:00:00,2013-06-04 00:00:00,general,certified,True,U.S. House,8,Theo  Ted  Brown  Sr.,,,,,,,Douglas,ocd-division/country:us/state:mo/county:douglas,0,,,,,2013
2015-11-07 22:30:54.862000,mo-2013-06-04-special-general,2013-06-04 00:00:00,2013-06-04 00:00:00,general,certified,True,U.S. House,8,Steve Hodges,,,,,,,Dunklin,ocd-division/country:us/state:mo/county:dunklin,618,,,,,2013
2015-11-07 22:30:54.862000,mo-2013-06-04-special-general,2013-06-04 00:00:00,2013-06-04 00:00:00,general,certified,True,U.S. House,8,Jason Smith,,,,,,,Dunklin,ocd-division/country:us/state:mo/county:dunklin,1407,,,,,2013
2015-11-07 22:30:54.862000,mo-2013-06-04-special-general,2013-06-04 00:00:00,2013-06-04 00:00:00,general,certified,True,U.S. House,8,Bill Slantz,,,,,,,Dunklin,ocd-division/country:us/state:mo/county:dunklin,30,,,,,2013
2015-11-07 22:30:54.862000,mo-2013-06-04-special-general,2013-06-04 00:00:00,2013-06-04 00:00:00,general,certified,True,U.S. House,8,Doug Enyart,,,,,,,Dunklin,ocd-division/country:us/state:mo/county:dunklin,37,,,,,2013
2015-11-07 22:30:54.862000,mo-2013-06-04-special-general,2013-06-04 00:00:00,2013-06-04 00:00:00,general,certified,True,U.S. House,8,Robert W. George,,,,,,,Dunklin,ocd-division/country:us/state:mo/county:dunklin,0,,,,,2013
2015-11-07 22:30:54.862000,mo-2013-06-04-special-general,2013-06-04 00:00:00,2013-06-04 00:00:00,general,certified,True,U.S. House,8,Thomas Brown,,,,,,,Dunklin,ocd-division/country:us/state:mo/county:dunklin,1,,,,,2013
2015-11-07 22:30:54.862000,mo-2013-06-04-special-general,2013-06-04 00:00:00,2013-06-04 00:00:00,general,certified,True,U.S. House,8,Wayne L. Byington,,,,,,,Dunklin,ocd-division/country:us/state:mo/county:dunklin,0,,,,,2013
2015-11-07 22:30:54.862000,mo-2013-06-04-special-general,2013-06-04 00:00:00,2013-06-04 00:00:00,general,certified,True,U.S. House,8,Theo  Ted  Brown  Sr.,,,,,,,Dunklin,ocd-division/country:us/state:mo/county:dunklin,0,,,,,2013
2015-11-07 22:30:54.862000,mo-2013-06-04-special-general,2013-06-04 00:00:00,2013-06-04 00:00:00,general,certified,True,U.S. House,8,Steve Hodges,,,,,,,Howell,ocd-division/country:us/state:mo/county:howell,614,,,,,2013
2015-11-07 22:30:54.862000,mo-2013-06-04-special-general,2013-06-04 00:00:00,2013-06-04 00:00:00,general,certified,True,U.S. House,8,Jason Smith,,,,,,,Howell,ocd-division/country:us/state:mo/county:howell,2268,,,,,2013
2015-11-07 22:30:54.862000,mo-2013-06-04-special-general,2013-06-04 00:00:00,2013-06-04 00:00:00,general,certified,True,U.S. House,8,Bill Slantz,,,,,,,Howell,ocd-division/country:us/state:mo/county:howell,63,,,,,2013
2015-11-07 22:30:54.862000,mo-2013-06-04-special-general,2013-06-04 00:00:00,2013-06-04 00:00:00,general,certified,True,U.S. House,8,Doug Enyart,,,,,,,Howell,ocd-division/country:us/state:mo/county:howell,340,,,,,2013
2015-11-07 22:30:54.862000,mo-2013-06-04-special-general,2013-06-04 00:00:00,2013-06-04 00:00:00,general,certified,True,U.S. House,8,Robert W. George,,,,,,,Howell,ocd-division/country:us/state:mo/county:howell,0,,,,,2013
2015-11-07 22:30:54.862000,mo-2013-06-04-special-general,2013-06-04 00:00:00,2013-06-04 00:00:00,general,certified,True,U.S. House,8,Thomas Brown,,,,,,,Howell,ocd-division/country:us/state:mo/county:howell,0,,,,,2013
2015-11-07 22:30:54.862000,mo-2013-06-04-special-general,2013-06-04 00:00:00,2013-06-04 00:00:00,general,certified,True,U.S. House,8,Wayne L. Byington,,,,,,,Howell,ocd-division/country:us/state:mo/county:howell,0,,,,,2013
2015-11-07 22:30:54.862000,mo-2013-06-04-special-general,2013-06-04 00:00:00,2013-06-04 00:00:00,general,certified,True,U.S. House,8,Theo  Ted  Brown  Sr.,,,,,,,Howell,ocd-division/country:us/state:mo/county:howell,0,,,,,2013
2015-11-07 22:30:54.862000,mo-2013-06-04-special-general,2013-06-04 00:00:00,2013-06-04 00:00:00,general,certified,True,U.S. House,8,Steve Hodges,,,,,,,Iron,ocd-division/country:us/state:mo/county:iron,339,,,,,2013
2015-11-07 22:30:54.862000,mo-2013-06-04-special-general,2013-06-04 00:00:00,2013-06-04 00:00:00,general,certified,True,U.S. House,8,Jason Smith,,,,,,,Iron,ocd-division/country:us/state:mo/county:iron,409,,,,,2013
2015-11-07 22:30:54.862000,mo-2013-06-04-special-general,2013-06-04 00:00:00,2013-06-04 00:00:00,general,certified,True,U.S. House,8,Bill Slantz,,,,,,,Iron,ocd-division/country:us/state:mo/county:iron,6,,,,,2013
2015-11-07 22:30:54.862000,mo-2013-06-04-special-general,2013-06-04 00:00:00,2013-06-04 00:00:00,general,certified,True,U.S. House,8,Doug Enyart,,,,,,,Iron,ocd-division/country:us/state:mo/county:iron,20,,,,,2013
2015-11-07 22:30:54.862000,mo-2013-06-04-special-general,2013-06-04 00:00:00,2013-06-04 00:00:00,general,certified,True,U.S. House,8,Robert W. George,,,,,,,Iron,ocd-division/country:us/state:mo/county:iron,0,,,,,2013
2015-11-07 22:30:54.862000,mo-2013-06-04-special-general,2013-06-04 00:00:00,2013-06-04 00:00:00,general,certified,True,U.S. House,8,Thomas Brown,,,,,,,Iron,ocd-division/country:us/state:mo/county:iron,6,,,,,2013
2015-11-07 22:30:54.862000,mo-2013-06-04-special-general,2013-06-04 00:00:00,2013-06-04 00:00:00,general,certified,True,U.S. House,8,Wayne L. Byington,,,,,,,Iron,ocd-division/country:us/state:mo/county:iron,0,,,,,2013
2015-11-07 22:30:54.862000,mo-2013-06-04-special-general,2013-06-04 00:00:00,2013-06-04 00:00:00,general,certified,True,U.S. House,8,Theo  Ted  Brown  Sr.,,,,,,,Iron,ocd-division/country:us/state:mo/county:iron,0,,,,,2013
2015-11-07 22:30:54.862000,mo-2013-06-04-special-general,2013-06-04 00:00:00,2013-06-04 00:00:00,general,certified,True,U.S. House,8,Steve Hodges,,,,,,,Jefferson,ocd-division/country:us/state:mo/county:jefferson,1244,,,,,2013
2015-11-07 22:30:54.862000,mo-2013-06-04-special-general,2013-06-04 00:00:00,2013-06-04 00:00:00,general,certified,True,U.S. House,8,Jason Smith,,,,,,,Jefferson,ocd-division/country:us/state:mo/county:jefferson,1862,,,,,2013
2015-11-07 22:30:54.862000,mo-2013-06-04-special-general,2013-06-04 00:00:00,2013-06-04 00:00:00,general,certified,True,U.S. House,8,Bill Slantz,,,,,,,Jefferson,ocd-division/country:us/state:mo/county:jefferson,52,,,,,2013
2015-11-07 22:30:54.862000,mo-2013-06-04-special-general,2013-06-04 00:00:00,2013-06-04 00:00:00,general,certified,True,U.S. House,8,Doug Enyart,,,,,,,Jefferson,ocd-division/country:us/state:mo/county:jefferson,69,,,,,2013
2015-11-07 22:30:54.862000,mo-2013-06-04-special-general,2013-06-04 00:00:00,2013-06-04 00:00:00,general,certified,True,U.S. House,8,Robert W. George,,,,,,,Jefferson,ocd-division/country:us/state:mo/county:jefferson,0,,,,,2013
2015-11-07 22:30:54.862000,mo-2013-06-04-special-general,2013-06-04 00:00:00,2013-06-04 00:00:00,general,certified,True,U.S. House,8,Thomas Brown,,,,,,,Jefferson,ocd-division/country:us/state:mo/county:jefferson,0,,,,,2013
2015-11-07 22:30:54.862000,mo-2013-06-04-special-general,2013-06-04 00:00:00,2013-06-04 00:00:00,general,certified,True,U.S. House,8,Wayne L. Byington,,,,,,,Jefferson,ocd-division/country:us/state:mo/county:jefferson,0,,,,,2013
2015-11-07 22:30:54.862000,mo-2013-06-04-special-general,2013-06-04 00:00:00,2013-06-04 00:00:00,general,certified,True,U.S. House,8,Theo  Ted  Brown  Sr.,,,,,,,Jefferson,ocd-division/country:us/state:mo/county:jefferson,0,,,,,2013
2015-11-07 22:30:54.862000,mo-2013-06-04-special-general,2013-06-04 00:00:00,2013-06-04 00:00:00,general,certified,True,U.S. House,8,Steve Hodges,,,,,,,Madison,ocd-division/country:us/state:mo/county:madison,323,,,,,2013
2015-11-07 22:30:54.862000,mo-2013-06-04-special-general,2013-06-04 00:00:00,2013-06-04 00:00:00,general,certified,True,U.S. House,8,Jason Smith,,,,,,,Madison,ocd-division/country:us/state:mo/county:madison,608,,,,,2013
2015-11-07 22:30:54.862000,mo-2013-06-04-special-general,2013-06-04 00:00:00,2013-06-04 00:00:00,general,certified,True,U.S. House,8,Bill Slantz,,,,,,,Madison,ocd-division/country:us/state:mo/county:madison,12,,,,,2013
2015-11-07 22:30:54.862000,mo-2013-06-04-special-general,2013-06-04 00:00:00,2013-06-04 00:00:00,general,certified,True,U.S. House,8,Doug Enyart,,,,,,,Madison,ocd-division/country:us/state:mo/county:madison,43,,,,,2013
2015-11-07 22:30:54.862000,mo-2013-06-04-special-general,2013-06-04 00:00:00,2013-06-04 00:00:00,general,certified,True,U.S. House,8,Robert W. George,,,,,,,Madison,ocd-division/country:us/state:mo/county:madison,0,,,,,2013
2015-11-07 22:30:54.862000,mo-2013-06-04-special-general,2013-06-04 00:00:00,2013-06-04 00:00:00,general,certified,True,U.S. House,8,Thomas Brown,,,,,,,Madison,ocd-division/country:us/state:mo/county:madison,29,,,,,2013
2015-11-07 22:30:54.862000,mo-2013-06-04-special-general,2013-06-04 00:00:00,2013-06-04 00:00:00,general,certified,True,U.S. House,8,Wayne L. Byington,,,,,,,Madison,ocd-division/country:us/state:mo/county:madison,1,,,,,2013
2015-11-07 22:30:54.862000,mo-2013-06-04-special-general,2013-06-04 00:00:00,2013-06-04 00:00:00,general,certified,True,U.S. House,8,Theo  Ted  Brown  Sr.,,,,,,,Madison,ocd-division/country:us/state:mo/county:madison,0,,,,,2013
2015-11-07 22:30:54.862000,mo-2013-06-04-special-general,2013-06-04 00:00:00,2013-06-04 00:00:00,general,certified,True,U.S. House,8,Steve Hodges,,,,,,,Mississippi,ocd-division/country:us/state:mo/county:mississippi,1028,,,,,2013
2015-11-07 22:30:54.862000,mo-2013-06-04-special-general,2013-06-04 00:00:00,2013-06-04 00:00:00,general,certified,True,U.S. House,8,Jason Smith,,,,,,,Mississippi,ocd-division/country:us/state:mo/county:mississippi,693,,,,,2013
2015-11-07 22:30:54.862000,mo-2013-06-04-special-general,2013-06-04 00:00:00,2013-06-04 00:00:00,general,certified,True,U.S. House,8,Bill Slantz,,,,,,,Mississippi,ocd-division/country:us/state:mo/county:mississippi,18,,,,,2013
2015-11-07 22:30:54.862000,mo-2013-06-04-special-general,2013-06-04 00:00:00,2013-06-04 00:00:00,general,certified,True,U.S. House,8,Doug Enyart,,,,,,,Mississippi,ocd-division/country:us/state:mo/county:mississippi,27,,,,,2013
2015-11-07 22:30:54.862000,mo-2013-06-04-special-general,2013-06-04 00:00:00,2013-06-04 00:00:00,general,certified,True,U.S. House,8,Robert W. George,,,,,,,Mississippi,ocd-division/country:us/state:mo/county:mississippi,0,,,,,2013
2015-11-07 22:30:54.862000,mo-2013-06-04-special-general,2013-06-04 00:00:00,2013-06-04 00:00:00,general,certified,True,U.S. House,8,Thomas Brown,,,,,,,Mississippi,ocd-division/country:us/state:mo/county:mississippi,1,,,,,2013
2015-11-07 22:30:54.862000,mo-2013-06-04-special-general,2013-06-04 00:00:00,2013-06-04 00:00:00,general,certified,True,U.S. House,8,Wayne L. Byington,,,,,,,Mississippi,ocd-division/country:us/state:mo/county:mississippi,0,,,,,2013
2015-11-07 22:30:54.862000,mo-2013-06-04-special-general,2013-06-04 00:00:00,2013-06-04 00:00:00,general,certified,True,U.S. House,8,Theo  Ted  Brown  Sr.,,,,,,,Mississippi,ocd-division/country:us/state:mo/county:mississippi,0,,,,,2013
2015-11-07 22:30:54.862000,mo-2013-06-04-special-general,2013-06-04 00:00:00,2013-06-04 00:00:00,general,certified,True,U.S. House,8,Steve Hodges,,,,,,,New Madrid,ocd-division/country:us/state:mo/county:new_madrid,1008,,,,,2013
2015-11-07 22:30:54.862000,mo-2013-06-04-special-general,2013-06-04 00:00:00,2013-06-04 00:00:00,general,certified,True,U.S. House,8,Jason Smith,,,,,,,New Madrid,ocd-division/country:us/state:mo/county:new_madrid,891,,,,,2013
2015-11-07 22:30:54.862000,mo-2013-06-04-special-general,2013-06-04 00:00:00,2013-06-04 00:00:00,general,certified,True,U.S. House,8,Bill Slantz,,,,,,,New Madrid,ocd-division/country:us/state:mo/county:new_madrid,20,,,,,2013
2015-11-07 22:30:54.862000,mo-2013-06-04-special-general,2013-06-04 00:00:00,2013-06-04 00:00:00,general,certified,True,U.S. House,8,Doug Enyart,,,,,,,New Madrid,ocd-division/country:us/state:mo/county:new_madrid,25,,,,,2013
2015-11-07 22:30:54.862000,mo-2013-06-04-special-general,2013-06-04 00:00:00,2013-06-04 00:00:00,general,certified,True,U.S. House,8,Robert W. George,,,,,,,New Madrid,ocd-division/country:us/state:mo/county:new_madrid,0,,,,,2013
2015-11-07 22:30:54.862000,mo-2013-06-04-special-general,2013-06-04 00:00:00,2013-06-04 00:00:00,general,certified,True,U.S. House,8,Thomas Brown,,,,,,,New Madrid,ocd-division/country:us/state:mo/county:new_madrid,0,,,,,2013
2015-11-07 22:30:54.862000,mo-2013-06-04-special-general,2013-06-04 00:00:00,2013-06-04 00:00:00,general,certified,True,U.S. House,8,Wayne L. Byington,,,,,,,New Madrid,ocd-division/country:us/state:mo/county:new_madrid,0,,,,,2013
2015-11-07 22:30:54.862000,mo-2013-06-04-special-general,2013-06-04 00:00:00,2013-06-04 00:00:00,general,certified,True,U.S. House,8,Theo  Ted  Brown  Sr.,,,,,,,New Madrid,ocd-division/country:us/state:mo/county:new_madrid,0,,,,,2013
2015-11-07 22:30:54.862000,mo-2013-06-04-special-general,2013-06-04 00:00:00,2013-06-04 00:00:00,general,certified,True,U.S. House,8,Steve Hodges,,,,,,,Oregon,ocd-division/country:us/state:mo/county:oregon,297,,,,,2013
2015-11-07 22:30:54.862000,mo-2013-06-04-special-general,2013-06-04 00:00:00,2013-06-04 00:00:00,general,certified,True,U.S. House,8,Jason Smith,,,,,,,Oregon,ocd-division/country:us/state:mo/county:oregon,574,,,,,2013
2015-11-07 22:30:54.862000,mo-2013-06-04-special-general,2013-06-04 00:00:00,2013-06-04 00:00:00,general,certified,True,U.S. House,8,Bill Slantz,,,,,,,Oregon,ocd-division/country:us/state:mo/county:oregon,11,,,,,2013
2015-11-07 22:30:54.862000,mo-2013-06-04-special-general,2013-06-04 00:00:00,2013-06-04 00:00:00,general,certified,True,U.S. House,8,Doug Enyart,,,,,,,Oregon,ocd-division/country:us/state:mo/county:oregon,90,,,,,2013
2015-11-07 22:30:54.862000,mo-2013-06-04-special-general,2013-06-04 00:00:00,2013-06-04 00:00:00,general,certified,True,U.S. House,8,Robert W. George,,,,,,,Oregon,ocd-division/country:us/state:mo/county:oregon,0,,,,,2013
2015-11-07 22:30:54.862000,mo-2013-06-04-special-general,2013-06-04 00:00:00,2013-06-04 00:00:00,general,certified,True,U.S. House,8,Thomas Brown,,,,,,,Oregon,ocd-division/country:us/state:mo/county:oregon,0,,,,,2013
2015-11-07 22:30:54.862000,mo-2013-06-04-special-general,2013-06-04 00:00:00,2013-06-04 00:00:00,general,certified,True,U.S. House,8,Wayne L. Byington,,,,,,,Oregon,ocd-division/country:us/state:mo/county:oregon,0,,,,,2013
2015-11-07 22:30:54.862000,mo-2013-06-04-special-general,2013-06-04 00:00:00,2013-06-04 00:00:00,general,certified,True,U.S. House,8,Theo  Ted  Brown  Sr.,,,,,,,Oregon,ocd-division/country:us/state:mo/county:oregon,0,,,,,2013
2015-11-07 22:30:54.862000,mo-2013-06-04-special-general,2013-06-04 00:00:00,2013-06-04 00:00:00,general,certified,True,U.S. House,8,Steve Hodges,,,,,,,Ozark,ocd-division/country:us/state:mo/county:ozark,173,,,,,2013
2015-11-07 22:30:54.862000,mo-2013-06-04-special-general,2013-06-04 00:00:00,2013-06-04 00:00:00,general,certified,True,U.S. House,8,Jason Smith,,,,,,,Ozark,ocd-division/country:us/state:mo/county:ozark,639,,,,,2013
2015-11-07 22:30:54.862000,mo-2013-06-04-special-general,2013-06-04 00:00:00,2013-06-04 00:00:00,general,certified,True,U.S. House,8,Bill Slantz,,,,,,,Ozark,ocd-division/country:us/state:mo/county:ozark,28,,,,,2013
2015-11-07 22:30:54.862000,mo-2013-06-04-special-general,2013-06-04 00:00:00,2013-06-04 00:00:00,general,certified,True,U.S. House,8,Doug Enyart,,,,,,,Ozark,ocd-division/country:us/state:mo/county:ozark,47,,,,,2013
2015-11-07 22:30:54.862000,mo-2013-06-04-special-general,2013-06-04 00:00:00,2013-06-04 00:00:00,general,certified,True,U.S. House,8,Robert W. George,,,,,,,Ozark,ocd-division/country:us/state:mo/county:ozark,0,,,,,2013
2015-11-07 22:30:54.862000,mo-2013-06-04-special-general,2013-06-04 00:00:00,2013-06-04 00:00:00,general,certified,True,U.S. House,8,Thomas Brown,,,,,,,Ozark,ocd-division/country:us/state:mo/county:ozark,0,,,,,2013
2015-11-07 22:30:54.862000,mo-2013-06-04-special-general,2013-06-04 00:00:00,2013-06-04 00:00:00,general,certified,True,U.S. House,8,Wayne L. Byington,,,,,,,Ozark,ocd-division/country:us/state:mo/county:ozark,0,,,,,2013
2015-11-07 22:30:54.862000,mo-2013-06-04-special-general,2013-06-04 00:00:00,2013-06-04 00:00:00,general,certified,True,U.S. House,8,Theo  Ted  Brown  Sr.,,,,,,,Ozark,ocd-division/country:us/state:mo/county:ozark,0,,,,,2013
2015-11-07 22:30:54.862000,mo-2013-06-04-special-general,2013-06-04 00:00:00,2013-06-04 00:00:00,general,certified,True,U.S. House,8,Steve Hodges,,,,,,,Pemiscot,ocd-division/country:us/state:mo/county:pemiscot,338,,,,,2013
2015-11-07 22:30:54.862000,mo-2013-06-04-special-general,2013-06-04 00:00:00,2013-06-04 00:00:00,general,certified,True,U.S. House,8,Jason Smith,,,,,,,Pemiscot,ocd-division/country:us/state:mo/county:pemiscot,506,,,,,2013
2015-11-07 22:30:54.862000,mo-2013-06-04-special-general,2013-06-04 00:00:00,2013-06-04 00:00:00,general,certified,True,U.S. House,8,Bill Slantz,,,,,,,Pemiscot,ocd-division/country:us/state:mo/county:pemiscot,10,,,,,2013
2015-11-07 22:30:54.862000,mo-2013-06-04-special-general,2013-06-04 00:00:00,2013-06-04 00:00:00,general,certified,True,U.S. House,8,Doug Enyart,,,,,,,Pemiscot,ocd-division/country:us/state:mo/county:pemiscot,13,,,,,2013
2015-11-07 22:30:54.862000,mo-2013-06-04-special-general,2013-06-04 00:00:00,2013-06-04 00:00:00,general,certified,True,U.S. House,8,Robert W. George,,,,,,,Pemiscot,ocd-division/country:us/state:mo/county:pemiscot,0,,,,,2013
2015-11-07 22:30:54.862000,mo-2013-06-04-special-general,2013-06-04 00:00:00,2013-06-04 00:00:00,general,certified,True,U.S. House,8,Thomas Brown,,,,,,,Pemiscot,ocd-division/country:us/state:mo/county:pemiscot,0,,,,,2013
2015-11-07 22:30:54.862000,mo-2013-06-04-special-general,2013-06-04 00:00:00,2013-06-04 00:00:00,general,certified,True,U.S. House,8,Wayne L. Byington,,,,,,,Pemiscot,ocd-division/country:us/state:mo/county:pemiscot,0,,,,,2013
2015-11-07 22:30:54.862000,mo-2013-06-04-special-general,2013-06-04 00:00:00,2013-06-04 00:00:00,general,certified,True,U.S. House,8,Theo  Ted  Brown  Sr.,,,,,,,Pemiscot,ocd-division/country:us/state:mo/county:pemiscot,0,,,,,2013
2015-11-07 22:30:54.862000,mo-2013-06-04-special-general,2013-06-04 00:00:00,2013-06-04 00:00:00,general,certified,True,U.S. House,8,Steve Hodges,,,,,,,Perry,ocd-division/country:us/state:mo/county:perry,380,,,,,2013
2015-11-07 22:30:54.862000,mo-2013-06-04-special-general,2013-06-04 00:00:00,2013-06-04 00:00:00,general,certified,True,U.S. House,8,Jason Smith,,,,,,,Perry,ocd-division/country:us/state:mo/county:perry,1240,,,,,2013
2015-11-07 22:30:54.862000,mo-2013-06-04-special-general,2013-06-04 00:00:00,2013-06-04 00:00:00,general,certified,True,U.S. House,8,Bill Slantz,,,,,,,Perry,ocd-division/country:us/state:mo/county:perry,35,,,,,2013
2015-11-07 22:30:54.862000,mo-2013-06-04-special-general,2013-06-04 00:00:00,2013-06-04 00:00:00,general,certified,True,U.S. House,8,Doug Enyart,,,,,,,Perry,ocd-division/country:us/state:mo/county:perry,63,,,,,2013
2015-11-07 22:30:54.862000,mo-2013-06-04-special-general,2013-06-04 00:00:00,2013-06-04 00:00:00,general,certified,True,U.S. House,8,Robert W. George,,,,,,,Perry,ocd-division/country:us/state:mo/county:perry,1,,,,,2013
2015-11-07 22:30:54.862000,mo-2013-06-04-special-general,2013-06-04 00:00:00,2013-06-04 00:00:00,general,certified,True,U.S. House,8,Thomas Brown,,,,,,,Perry,ocd-division/country:us/state:mo/county:perry,1,,,,,2013
2015-11-07 22:30:54.862000,mo-2013-06-04-special-general,2013-06-04 00:00:00,2013-06-04 00:00:00,general,certified,True,U.S. House,8,Wayne L. Byington,,,,,,,Perry,ocd-division/country:us/state:mo/county:perry,0,,,,,2013
2015-11-07 22:30:54.862000,mo-2013-06-04-special-general,2013-06-04 00:00:00,2013-06-04 00:00:00,general,certified,True,U.S. House,8,Theo  Ted  Brown  Sr.,,,,,,,Perry,ocd-division/country:us/state:mo/county:perry,0,,,,,2013
2015-11-07 22:30:54.862000,mo-2013-06-04-special-general,2013-06-04 00:00:00,2013-06-04 00:00:00,general,certified,True,U.S. House,8,Steve Hodges,,,,,,,Phelps,ocd-division/country:us/state:mo/county:phelps,1022,,,,,2013
2015-11-07 22:30:54.862000,mo-2013-06-04-special-general,2013-06-04 00:00:00,2013-06-04 00:00:00,general,certified,True,U.S. House,8,Jason Smith,,,,,,,Phelps,ocd-division/country:us/state:mo/county:phelps,3084,,,,,2013
2015-11-07 22:30:54.862000,mo-2013-06-04-special-general,2013-06-04 00:00:00,2013-06-04 00:00:00,general,certified,True,U.S. House,8,Bill Slantz,,,,,,,Phelps,ocd-division/country:us/state:mo/county:phelps,43,,,,,2013
2015-11-07 22:30:54.862000,mo-2013-06-04-special-general,2013-06-04 00:00:00,2013-06-04 00:00:00,general,certified,True,U.S. House,8,Doug Enyart,,,,,,,Phelps,ocd-division/country:us/state:mo/county:phelps,19,,,,,2013
2015-11-07 22:30:54.862000,mo-2013-06-04-special-general,2013-06-04 00:00:00,2013-06-04 00:00:00,general,certified,True,U.S. House,8,Robert W. George,,,,,,,Phelps,ocd-division/country:us/state:mo/county:phelps,0,,,,,2013
2015-11-07 22:30:54.862000,mo-2013-06-04-special-general,2013-06-04 00:00:00,2013-06-04 00:00:00,general,certified,True,U.S. House,8,Thomas Brown,,,,,,,Phelps,ocd-division/country:us/state:mo/county:phelps,0,,,,,2013
2015-11-07 22:30:54.862000,mo-2013-06-04-special-general,2013-06-04 00:00:00,2013-06-04 00:00:00,general,certified,True,U.S. House,8,Wayne L. Byington,,,,,,,Phelps,ocd-division/country:us/state:mo/county:phelps,0,,,,,2013
2015-11-07 22:30:54.862000,mo-2013-06-04-special-general,2013-06-04 00:00:00,2013-06-04 00:00:00,general,certified,True,U.S. House,8,Theo  Ted  Brown  Sr.,,,,,,,Phelps,ocd-division/country:us/state:mo/county:phelps,0,,,,,2013
2015-11-07 22:30:54.862000,mo-2013-06-04-special-general,2013-06-04 00:00:00,2013-06-04 00:00:00,general,certified,True,U.S. House,8,Steve Hodges,,,,,,,Reynolds,ocd-division/country:us/state:mo/county:reynolds,209,,,,,2013
2015-11-07 22:30:54.862000,mo-2013-06-04-special-general,2013-06-04 00:00:00,2013-06-04 00:00:00,general,certified,True,U.S. House,8,Jason Smith,,,,,,,Reynolds,ocd-division/country:us/state:mo/county:reynolds,451,,,,,2013
2015-11-07 22:30:54.862000,mo-2013-06-04-special-general,2013-06-04 00:00:00,2013-06-04 00:00:00,general,certified,True,U.S. House,8,Bill Slantz,,,,,,,Reynolds,ocd-division/country:us/state:mo/county:reynolds,9,,,,,2013
2015-11-07 22:30:54.862000,mo-2013-06-04-special-general,2013-06-04 00:00:00,2013-06-04 00:00:00,general,certified,True,U.S. House,8,Doug Enyart,,,,,,,Reynolds,ocd-division/country:us/state:mo/county:reynolds,25,,,,,2013
2015-11-07 22:30:54.862000,mo-2013-06-04-special-general,2013-06-04 00:00:00,2013-06-04 00:00:00,general,certified,True,U.S. House,8,Robert W. George,,,,,,,Reynolds,ocd-division/country:us/state:mo/county:reynolds,0,,,,,2013
2015-11-07 22:30:54.862000,mo-2013-06-04-special-general,2013-06-04 00:00:00,2013-06-04 00:00:00,general,certified,True,U.S. House,8,Thomas Brown,,,,,,,Reynolds,ocd-division/country:us/state:mo/county:reynolds,0,,,,,2013
2015-11-07 22:30:54.862000,mo-2013-06-04-special-general,2013-06-04 00:00:00,2013-06-04 00:00:00,general,certified,True,U.S. House,8,Wayne L. Byington,,,,,,,Reynolds,ocd-division/country:us/state:mo/county:reynolds,0,,,,,2013
2015-11-07 22:30:54.862000,mo-2013-06-04-special-general,2013-06-04 00:00:00,2013-06-04 00:00:00,general,certified,True,U.S. House,8,Theo  Ted  Brown  Sr.,,,,,,,Reynolds,ocd-division/country:us/state:mo/county:reynolds,0,,,,,2013
2015-11-07 22:30:54.862000,mo-2013-06-04-special-general,2013-06-04 00:00:00,2013-06-04 00:00:00,general,certified,True,U.S. House,8,Steve Hodges,,,,,,,Ripley,ocd-division/country:us/state:mo/county:ripley,261,,,,,2013
2015-11-07 22:30:54.862000,mo-2013-06-04-special-general,2013-06-04 00:00:00,2013-06-04 00:00:00,general,certified,True,U.S. House,8,Jason Smith,,,,,,,Ripley,ocd-division/country:us/state:mo/county:ripley,744,,,,,2013
2015-11-07 22:30:54.862000,mo-2013-06-04-special-general,2013-06-04 00:00:00,2013-06-04 00:00:00,general,certified,True,U.S. House,8,Bill Slantz,,,,,,,Ripley,ocd-division/country:us/state:mo/county:ripley,18,,,,,2013
2015-11-07 22:30:54.862000,mo-2013-06-04-special-general,2013-06-04 00:00:00,2013-06-04 00:00:00,general,certified,True,U.S. House,8,Doug Enyart,,,,,,,Ripley,ocd-division/country:us/state:mo/county:ripley,34,,,,,2013
2015-11-07 22:30:54.862000,mo-2013-06-04-special-general,2013-06-04 00:00:00,2013-06-04 00:00:00,general,certified,True,U.S. House,8,Robert W. George,,,,,,,Ripley,ocd-division/country:us/state:mo/county:ripley,0,,,,,2013
2015-11-07 22:30:54.862000,mo-2013-06-04-special-general,2013-06-04 00:00:00,2013-06-04 00:00:00,general,certified,True,U.S. House,8,Thomas Brown,,,,,,,Ripley,ocd-division/country:us/state:mo/county:ripley,0,,,,,2013
2015-11-07 22:30:54.862000,mo-2013-06-04-special-general,2013-06-04 00:00:00,2013-06-04 00:00:00,general,certified,True,U.S. House,8,Wayne L. Byington,,,,,,,Ripley,ocd-division/country:us/state:mo/county:ripley,0,,,,,2013
2015-11-07 22:30:54.862000,mo-2013-06-04-special-general,2013-06-04 00:00:00,2013-06-04 00:00:00,general,certified,True,U.S. House,8,Theo  Ted  Brown  Sr.,,,,,,,Ripley,ocd-division/country:us/state:mo/county:ripley,0,,,,,2013
2015-11-07 22:30:54.862000,mo-2013-06-04-special-general,2013-06-04 00:00:00,2013-06-04 00:00:00,general,certified,True,U.S. House,8,Steve Hodges,,,,,,,Scott,ocd-division/country:us/state:mo/county:scott,1439,,,,,2013
2015-11-07 22:30:54.862000,mo-2013-06-04-special-general,2013-06-04 00:00:00,2013-06-04 00:00:00,general,certified,True,U.S. House,8,Jason Smith,,,,,,,Scott,ocd-division/country:us/state:mo/county:scott,2603,,,,,2013
2015-11-07 22:30:54.862000,mo-2013-06-04-special-general,2013-06-04 00:00:00,2013-06-04 00:00:00,general,certified,True,U.S. House,8,Bill Slantz,,,,,,,Scott,ocd-division/country:us/state:mo/county:scott,72,,,,,2013
2015-11-07 22:30:54.862000,mo-2013-06-04-special-general,2013-06-04 00:00:00,2013-06-04 00:00:00,general,certified,True,U.S. House,8,Doug Enyart,,,,,,,Scott,ocd-division/country:us/state:mo/county:scott,117,,,,,2013
2015-11-07 22:30:54.862000,mo-2013-06-04-special-general,2013-06-04 00:00:00,2013-06-04 00:00:00,general,certified,True,U.S. House,8,Robert W. George,,,,,,,Scott,ocd-division/country:us/state:mo/county:scott,3,,,,,2013
2015-11-07 22:30:54.862000,mo-2013-06-04-special-general,2013-06-04 00:00:00,2013-06-04 00:00:00,general,certified,True,U.S. House,8,Thomas Brown,,,,,,,Scott,ocd-division/country:us/state:mo/county:scott,1,,,,,2013
2015-11-07 22:30:54.862000,mo-2013-06-04-special-general,2013-06-04 00:00:00,2013-06-04 00:00:00,general,certified,True,U.S. House,8,Wayne L. Byington,,,,,,,Scott,ocd-division/country:us/state:mo/county:scott,2,,,,,2013
2015-11-07 22:30:54.862000,mo-2013-06-04-special-general,2013-06-04 00:00:00,2013-06-04 00:00:00,general,certified,True,U.S. House,8,Theo  Ted  Brown  Sr.,,,,,,,Scott,ocd-division/country:us/state:mo/county:scott,0,,,,,2013
2015-11-07 22:30:54.862000,mo-2013-06-04-special-general,2013-06-04 00:00:00,2013-06-04 00:00:00,general,certified,True,U.S. House,8,Steve Hodges,,,,,,,Shannon,ocd-division/country:us/state:mo/county:shannon,276,,,,,2013
2015-11-07 22:30:54.862000,mo-2013-06-04-special-general,2013-06-04 00:00:00,2013-06-04 00:00:00,general,certified,True,U.S. House,8,Jason Smith,,,,,,,Shannon,ocd-division/country:us/state:mo/county:shannon,538,,,,,2013
2015-11-07 22:30:54.862000,mo-2013-06-04-special-general,2013-06-04 00:00:00,2013-06-04 00:00:00,general,certified,True,U.S. House,8,Bill Slantz,,,,,,,Shannon,ocd-division/country:us/state:mo/county:shannon,21,,,,,2013
2015-11-07 22:30:54.862000,mo-2013-06-04-special-general,2013-06-04 00:00:00,2013-06-04 00:00:00,general,certified,True,U.S. House,8,Doug Enyart,,,,,,,Shannon,ocd-division/country:us/state:mo/county:shannon,68,,,,,2013
2015-11-07 22:30:54.862000,mo-2013-06-04-special-general,2013-06-04 00:00:00,2013-06-04 00:00:00,general,certified,True,U.S. House,8,Robert W. George,,,,,,,Shannon,ocd-division/country:us/state:mo/county:shannon,0,,,,,2013
2015-11-07 22:30:54.862000,mo-2013-06-04-special-general,2013-06-04 00:00:00,2013-06-04 00:00:00,general,certified,True,U.S. House,8,Thomas Brown,,,,,,,Shannon,ocd-division/country:us/state:mo/county:shannon,0,,,,,2013
2015-11-07 22:30:54.862000,mo-2013-06-04-special-general,2013-06-04 00:00:00,2013-06-04 00:00:00,general,certified,True,U.S. House,8,Wayne L. Byington,,,,,,,Shannon,ocd-division/country:us/state:mo/county:shannon,0,,,,,2013
2015-11-07 22:30:54.862000,mo-2013-06-04-special-general,2013-06-04 00:00:00,2013-06-04 00:00:00,general,certified,True,U.S. House,8,Theo  Ted  Brown  Sr.,,,,,,,Shannon,ocd-division/country:us/state:mo/county:shannon,0,,,,,2013
2015-11-07 22:30:54.862000,mo-2013-06-04-special-general,2013-06-04 00:00:00,2013-06-04 00:00:00,general,certified,True,U.S. House,8,Steve Hodges,,,,,,,St. Francois,ocd-division/country:us/state:mo/county:st._francois,1001,,,,,2013
2015-11-07 22:30:54.862000,mo-2013-06-04-special-general,2013-06-04 00:00:00,2013-06-04 00:00:00,general,certified,True,U.S. House,8,Jason Smith,,,,,,,St. Francois,ocd-division/country:us/state:mo/county:st._francois,1850,,,,,2013
2015-11-07 22:30:54.862000,mo-2013-06-04-special-general,2013-06-04 00:00:00,2013-06-04 00:00:00,general,certified,True,U.S. House,8,Bill Slantz,,,,,,,St. Francois,ocd-division/country:us/state:mo/county:st._francois,32,,,,,2013
2015-11-07 22:30:54.862000,mo-2013-06-04-special-general,2013-06-04 00:00:00,2013-06-04 00:00:00,general,certified,True,U.S. House,8,Doug Enyart,,,,,,,St. Francois,ocd-division/country:us/state:mo/county:st._francois,98,,,,,2013
2015-11-07 22:30:54.862000,mo-2013-06-04-special-general,2013-06-04 00:00:00,2013-06-04 00:00:00,general,certified,True,U.S. House,8,Robert W. George,,,,,,,St. Francois,ocd-division/country:us/state:mo/county:st._francois,0,,,,,2013
2015-11-07 22:30:54.862000,mo-2013-06-04-special-general,2013-06-04 00:00:00,2013-06-04 00:00:00,general,certified,True,U.S. House,8,Thomas Brown,,,,,,,St. Francois,ocd-division/country:us/state:mo/county:st._francois,0,,,,,2013
2015-11-07 22:30:54.862000,mo-2013-06-04-special-general,2013-06-04 00:00:00,2013-06-04 00:00:00,general,certified,True,U.S. House,8,Wayne L. Byington,,,,,,,St. Francois,ocd-division/country:us/state:mo/county:st._francois,12,,,,,2013
2015-11-07 22:30:54.862000,mo-2013-06-04-special-general,2013-06-04 00:00:00,2013-06-04 00:00:00,general,certified,True,U.S. House,8,Theo  Ted  Brown  Sr.,,,,,,,St. Francois,ocd-division/country:us/state:mo/county:st._francois,0,,,,,2013
2015-11-07 22:30:54.862000,mo-2013-06-04-special-general,2013-06-04 00:00:00,2013-06-04 00:00:00,general,certified,True,U.S. House,8,Steve Hodges,,,,,,,Ste. Genevieve,ocd-division/country:us/state:mo/county:ste._genevieve,451,,,,,2013
2015-11-07 22:30:54.862000,mo-2013-06-04-special-general,2013-06-04 00:00:00,2013-06-04 00:00:00,general,certified,True,U.S. House,8,Jason Smith,,,,,,,Ste. Genevieve,ocd-division/country:us/state:mo/county:ste._genevieve,579,,,,,2013
2015-11-07 22:30:54.862000,mo-2013-06-04-special-general,2013-06-04 00:00:00,2013-06-04 00:00:00,general,certified,True,U.S. House,8,Bill Slantz,,,,,,,Ste. Genevieve,ocd-division/country:us/state:mo/county:ste._genevieve,12,,,,,2013
2015-11-07 22:30:54.862000,mo-2013-06-04-special-general,2013-06-04 00:00:00,2013-06-04 00:00:00,general,certified,True,U.S. House,8,Doug Enyart,,,,,,,Ste. Genevieve,ocd-division/country:us/state:mo/county:ste._genevieve,17,,,,,2013
2015-11-07 22:30:54.862000,mo-2013-06-04-special-general,2013-06-04 00:00:00,2013-06-04 00:00:00,general,certified,True,U.S. House,8,Robert W. George,,,,,,,Ste. Genevieve,ocd-division/country:us/state:mo/county:ste._genevieve,0,,,,,2013
2015-11-07 22:30:54.862000,mo-2013-06-04-special-general,2013-06-04 00:00:00,2013-06-04 00:00:00,general,certified,True,U.S. House,8,Thomas Brown,,,,,,,Ste. Genevieve,ocd-division/country:us/state:mo/county:ste._genevieve,0,,,,,2013
2015-11-07 22:30:54.862000,mo-2013-06-04-special-general,2013-06-04 00:00:00,2013-06-04 00:00:00,general,certified,True,U.S. House,8,Wayne L. Byington,,,,,,,Ste. Genevieve,ocd-division/country:us/state:mo/county:ste._genevieve,6,,,,,2013
2015-11-07 22:30:54.862000,mo-2013-06-04-special-general,2013-06-04 00:00:00,2013-06-04 00:00:00,general,certified,True,U.S. House,8,Theo  Ted  Brown  Sr.,,,,,,,Ste. Genevieve,ocd-division/country:us/state:mo/county:ste._genevieve,0,,,,,2013
2015-11-07 22:30:54.862000,mo-2013-06-04-special-general,2013-06-04 00:00:00,2013-06-04 00:00:00,general,certified,True,U.S. House,8,Steve Hodges,,,,,,,Stoddard,ocd-division/country:us/state:mo/county:stoddard,787,,,,,2013
2015-11-07 22:30:54.862000,mo-2013-06-04-special-general,2013-06-04 00:00:00,2013-06-04 00:00:00,general,certified,True,U.S. House,8,Jason Smith,,,,,,,Stoddard,ocd-division/country:us/state:mo/county:stoddard,1968,,,,,2013
2015-11-07 22:30:54.862000,mo-2013-06-04-special-general,2013-06-04 00:00:00,2013-06-04 00:00:00,general,certified,True,U.S. House,8,Bill Slantz,,,,,,,Stoddard,ocd-division/country:us/state:mo/county:stoddard,41,,,,,2013
2015-11-07 22:30:54.862000,mo-2013-06-04-special-general,2013-06-04 00:00:00,2013-06-04 00:00:00,general,certified,True,U.S. House,8,Doug Enyart,,,,,,,Stoddard,ocd-division/country:us/state:mo/county:stoddard,87,,,,,2013
2015-11-07 22:30:54.862000,mo-2013-06-04-special-general,2013-06-04 00:00:00,2013-06-04 00:00:00,general,certified,True,U.S. House,8,Robert W. George,,,,,,,Stoddard,ocd-division/country:us/state:mo/county:stoddard,20,,,,,2013
2015-11-07 22:30:54.862000,mo-2013-06-04-special-general,2013-06-04 00:00:00,2013-06-04 00:00:00,general,certified,True,U.S. House,8,Thomas Brown,,,,,,,Stoddard,ocd-division/country:us/state:mo/county:stoddard,20,,,,,2013
2015-11-07 22:30:54.862000,mo-2013-06-04-special-general,2013-06-04 00:00:00,2013-06-04 00:00:00,general,certified,True,U.S. House,8,Wayne L. Byington,,,,,,,Stoddard,ocd-division/country:us/state:mo/county:stoddard,0,,,,,2013
2015-11-07 22:30:54.862000,mo-2013-06-04-special-general,2013-06-04 00:00:00,2013-06-04 00:00:00,general,certified,True,U.S. House,8,Theo  Ted  Brown  Sr.,,,,,,,Stoddard,ocd-division/country:us/state:mo/county:stoddard,0,,,,,2013
2015-11-07 22:30:54.862000,mo-2013-06-04-special-general,2013-06-04 00:00:00,2013-06-04 00:00:00,general,certified,True,U.S. House,8,Steve Hodges,,,,,,,Texas,ocd-division/country:us/state:mo/county:texas,510,,,,,2013
2015-11-07 22:30:54.862000,mo-2013-06-04-special-general,2013-06-04 00:00:00,2013-06-04 00:00:00,general,certified,True,U.S. House,8,Jason Smith,,,,,,,Texas,ocd-division/country:us/state:mo/county:texas,1648,,,,,2013
2015-11-07 22:30:54.862000,mo-2013-06-04-special-general,2013-06-04 00:00:00,2013-06-04 00:00:00,general,certified,True,U.S. House,8,Bill Slantz,,,,,,,Texas,ocd-division/country:us/state:mo/county:texas,45,,,,,2013
2015-11-07 22:30:54.862000,mo-2013-06-04-special-general,2013-06-04 00:00:00,2013-06-04 00:00:00,general,certified,True,U.S. House,8,Doug Enyart,,,,,,,Texas,ocd-division/country:us/state:mo/county:texas,108,,,,,2013
2015-11-07 22:30:54.862000,mo-2013-06-04-special-general,2013-06-04 00:00:00,2013-06-04 00:00:00,general,certified,True,U.S. House,8,Robert W. George,,,,,,,Texas,ocd-division/country:us/state:mo/county:texas,0,,,,,2013
2015-11-07 22:30:54.862000,mo-2013-06-04-special-general,2013-06-04 00:00:00,2013-06-04 00:00:00,general,certified,True,U.S. House,8,Thomas Brown,,,,,,,Texas,ocd-division/country:us/state:mo/county:texas,0,,,,,2013
2015-11-07 22:30:54.862000,mo-2013-06-04-special-general,2013-06-04 00:00:00,2013-06-04 00:00:00,general,certified,True,U.S. House,8,Wayne L. Byington,,,,,,,Texas,ocd-division/country:us/state:mo/county:texas,0,,,,,2013
2015-11-07 22:30:54.862000,mo-2013-06-04-special-general,2013-06-04 00:00:00,2013-06-04 00:00:00,general,certified,True,U.S. House,8,Theo  Ted  Brown  Sr.,,,,,,,Texas,ocd-division/country:us/state:mo/county:texas,0,,,,,2013
2015-11-07 22:30:54.862000,mo-2013-06-04-special-general,2013-06-04 00:00:00,2013-06-04 00:00:00,general,certified,True,U.S. House,8,Steve Hodges,,,,,,,Washington,ocd-division/country:us/state:mo/county:washington,356,,,,,2013
2015-11-07 22:30:54.862000,mo-2013-06-04-special-general,2013-06-04 00:00:00,2013-06-04 00:00:00,general,certified,True,U.S. House,8,Jason Smith,,,,,,,Washington,ocd-division/country:us/state:mo/county:washington,732,,,,,2013
2015-11-07 22:30:54.862000,mo-2013-06-04-special-general,2013-06-04 00:00:00,2013-06-04 00:00:00,general,certified,True,U.S. House,8,Bill Slantz,,,,,,,Washington,ocd-division/country:us/state:mo/county:washington,12,,,,,2013
2015-11-07 22:30:54.862000,mo-2013-06-04-special-general,2013-06-04 00:00:00,2013-06-04 00:00:00,general,certified,True,U.S. House,8,Doug Enyart,,,,,,,Washington,ocd-division/country:us/state:mo/county:washington,17,,,,,2013
2015-11-07 22:30:54.862000,mo-2013-06-04-special-general,2013-06-04 00:00:00,2013-06-04 00:00:00,general,certified,True,U.S. House,8,Robert W. George,,,,,,,Washington,ocd-division/country:us/state:mo/county:washington,0,,,,,2013
2015-11-07 22:30:54.862000,mo-2013-06-04-special-general,2013-06-04 00:00:00,2013-06-04 00:00:00,general,certified,True,U.S. House,8,Thomas Brown,,,,,,,Washington,ocd-division/country:us/state:mo/county:washington,0,,,,,2013
2015-11-07 22:30:54.862000,mo-2013-06-04-special-general,2013-06-04 00:00:00,2013-06-04 00:00:00,general,certified,True,U.S. House,8,Wayne L. Byington,,,,,,,Washington,ocd-division/country:us/state:mo/county:washington,3,,,,,2013
2015-11-07 22:30:54.862000,mo-2013-06-04-special-general,2013-06-04 00:00:00,2013-06-04 00:00:00,general,certified,True,U.S. House,8,Theo  Ted  Brown  Sr.,,,,,,,Washington,ocd-division/country:us/state:mo/county:washington,0,,,,,2013
2015-11-07 22:30:54.862000,mo-2013-06-04-special-general,2013-06-04 00:00:00,2013-06-04 00:00:00,general,certified,True,U.S. House,8,Steve Hodges,,,,,,,Wayne,ocd-division/country:us/state:mo/county:wayne,332,,,,,2013
2015-11-07 22:30:54.862000,mo-2013-06-04-special-general,2013-06-04 00:00:00,2013-06-04 00:00:00,general,certified,True,U.S. House,8,Jason Smith,,,,,,,Wayne,ocd-division/country:us/state:mo/county:wayne,817,,,,,2013
2015-11-07 22:30:54.862000,mo-2013-06-04-special-general,2013-06-04 00:00:00,2013-06-04 00:00:00,general,certified,True,U.S. House,8,Bill Slantz,,,,,,,Wayne,ocd-division/country:us/state:mo/county:wayne,23,,,,,2013
2015-11-07 22:30:54.862000,mo-2013-06-04-special-general,2013-06-04 00:00:00,2013-06-04 00:00:00,general,certified,True,U.S. House,8,Doug Enyart,,,,,,,Wayne,ocd-division/country:us/state:mo/county:wayne,278,,,,,2013
2015-11-07 22:30:54.862000,mo-2013-06-04-special-general,2013-06-04 00:00:00,2013-06-04 00:00:00,general,certified,True,U.S. House,8,Robert W. George,,,,,,,Wayne,ocd-division/country:us/state:mo/county:wayne,0,,,,,2013
2015-11-07 22:30:54.862000,mo-2013-06-04-special-general,2013-06-04 00:00:00,2013-06-04 00:00:00,general,certified,True,U.S. House,8,Thomas Brown,,,,,,,Wayne,ocd-division/country:us/state:mo/county:wayne,0,,,,,2013
2015-11-07 22:30:54.862000,mo-2013-06-04-special-general,2013-06-04 00:00:00,2013-06-04 00:00:00,general,certified,True,U.S. House,8,Wayne L. Byington,,,,,,,Wayne,ocd-division/country:us/state:mo/county:wayne,0,,,,,2013
2015-11-07 22:30:54.862000,mo-2013-06-04-special-general,2013-06-04 00:00:00,2013-06-04 00:00:00,general,certified,True,U.S. House,8,Theo  Ted  Brown  Sr.,,,,,,,Wayne,ocd-division/country:us/state:mo/county:wayne,0,,,,,2013
2015-11-07 22:30:54.862000,mo-2013-06-04-special-general,2013-06-04 00:00:00,2013-06-04 00:00:00,general,certified,True,U.S. House,8,Steve Hodges,,,,,,,Wright,ocd-division/country:us/state:mo/county:wright,298,,,,,2013
2015-11-07 22:30:54.862000,mo-2013-06-04-special-general,2013-06-04 00:00:00,2013-06-04 00:00:00,general,certified,True,U.S. House,8,Jason Smith,,,,,,,Wright,ocd-division/country:us/state:mo/county:wright,1412,,,,,2013
2015-11-07 22:30:54.862000,mo-2013-06-04-special-general,2013-06-04 00:00:00,2013-06-04 00:00:00,general,certified,True,U.S. House,8,Bill Slantz,,,,,,,Wright,ocd-division/country:us/state:mo/county:wright,20,,,,,2013
2015-11-07 22:30:54.862000,mo-2013-06-04-special-general,2013-06-04 00:00:00,2013-06-04 00:00:00,general,certified,True,U.S. House,8,Doug Enyart,,,,,,,Wright,ocd-division/country:us/state:mo/county:wright,26,,,,,2013
2015-11-07 22:30:54.862000,mo-2013-06-04-special-general,2013-06-04 00:00:00,2013-06-04 00:00:00,general,certified,True,U.S. House,8,Robert W. George,,,,,,,Wright,ocd-division/country:us/state:mo/county:wright,0,,,,,2013
2015-11-07 22:30:54.862000,mo-2013-06-04-special-general,2013-06-04 00:00:00,2013-06-04 00:00:00,general,certified,True,U.S. House,8,Thomas Brown,,,,,,,Wright,ocd-division/country:us/state:mo/county:wright,0,,,,,2013
2015-11-07 22:30:54.862000,mo-2013-06-04-special-general,2013-06-04 00:00:00,2013-06-04 00:00:00,general,certified,True,U.S. House,8,Wayne L. Byington,,,,,,,Wright,ocd-division/country:us/state:mo/county:wright,0,,,,,2013
2015-11-07 22:30:54.862000,mo-2013-06-04-special-general,2013-06-04 00:00:00,2013-06-04 00:00:00,general,certified,True,U.S. House,8,Theo  Ted  Brown  Sr.,,,,,,,Wright,ocd-division/country:us/state:mo/county:wright,0,,,,,2013
